{"PlayerName":"Player","PlayerHealth":100,"PlayerDead":false,"PlayerPosition":{"X":16.554399490356447,"Y":0.018875839188694955,"Z":-10.87368106842041}}